location,species
G. sacculifer/4586f8014ffd4f3587cf37e5db96aa7b.tif,G. sacculifer
G. tumida/c865296a4d9840fc93ec7c8acf59f1d5.tif,G. tumida
G. siphonifera/e3c71a6253084a798342b3cdfead30be.tif,G. siphonifera
G. scitula/997b6ac093cd4ae8b8d93963c65785e1.tif,G. scitula
G. tumida/100bd98cebb14f77ac42c8b5c15de0cb.tif,G. tumida
N. humerosa/023ff8d3f6ab4d9eba1e53594ab06a64.tif,N. humerosa
G. sacculifer/4e7b6f13ddf8478da60db6c151504817.tif,G. sacculifer
N. humerosa/a09e5b2be33d444e89e9bb93257275df.tif,N. humerosa
G. truncatulinoides/07b98d0dea424f35a9041df93706be82.tif,G. truncatulinoides
N. humerosa/019f7a89241b4ddcb2585f618f64438e.tif,N. humerosa
G. ruber/f77e4065db9f4e4290a9379a201b33d4.tif,G. ruber
G. truncatulinoides/f796438805ee418b90948fff68defe89.tif,G. truncatulinoides
G. truncatulinoides/34b93efb9bb54e0a9a1c4e2230e4b007.tif,G. truncatulinoides
G. ungulata/885705dd9f364c30843b3161456201d4.tif,G. ungulata
P. obliquiloculata/10cd8d72f8374c45bb45664fd8d9e38e.tif,P. obliquiloculata
O. universa/1aef21babd3d42a38cefc65b0f59647f.tif,O. universa
N. dutertrei/284045fa16c84744bc67cb08bb4e7726.tif,N. dutertrei
S. dehiscen/823833ccebaf4b08937ff43955a5fa59.tif,S. dehiscen
S. dehiscen/03b3452f3d0d45e5a1a85ef0bd3191b7.tif,S. dehiscen
G. siphonifera/08e033f994c1413ab2e35880080ed1d9.tif,G. siphonifera
P. obliquiloculata/d4d10dfc11f04b519e04ab20b4fdf0c3.tif,P. obliquiloculata
P. obliquiloculata/ecf6872e0994450f94324901d8c1573f.tif,P. obliquiloculata
G. siphonifera/4e981fa6734945109eb41c108f118d5c.tif,G. siphonifera
O. universa/f48df83b6d6647738b8ea0d80fc03457.tif,O. universa
N. acostaensis/05998bf3e2d94da28c3aa9905f4e8eae.tif,N. acostaensis
G. tumida/108f68b43ab24be39947cea6229619fe.tif,G. tumida
S. dehiscen/371f9294c49a4a0fa1446e741104ad01.tif,S. dehiscen
G. scitula/5dfa9bdf61c449c8ba5f266f0cef924a.tif,G. scitula
G. tumida/850a024a4b93408fb48b2232deeb9488.tif,G. tumida
G. elongatus/2602198957af4a7e9515a2537f949374.tif,G. elongatus
G. truncatulinoides/3e9e505e0c934ce9991f36a6ad073bd7.tif,G. truncatulinoides
G. scitula/346c32005fbe438ba440d8dbe1364511.tif,G. scitula
G. scitula/74e84bfeaadd42188b01117279c57968.tif,G. scitula
G. tumida/e9fbe0b5b8d34b9b977ac844bf580996.tif,G. tumida
G. ungulata/7a98cc5c2fd348f18d14a9698408238f.tif,G. ungulata
G. ruber/95019f9b8f7744228c4151838b5270d5.tif,G. ruber
G. elongatus/6a4f894ac723428b8a42b0fbc80a0d19.tif,G. elongatus
G. truncatulinoides/d9a27aa274e74cdf91cd8313f05cf324.tif,G. truncatulinoides
O. universa/0ca91297b3e24d33aecd75bbcfb4228c.tif,O. universa
G. elongatus/78a43399af2f487fbbd8b7dd12480c4b.tif,G. elongatus
P. obliquiloculata/1353d1ef37724111980bc89a373d3cea.tif,P. obliquiloculata
G. elongatus/f12b41eef16b4b33aa80101628f803cb.tif,G. elongatus
G. siphonifera/0b310415aeb841569a2d9f94d7fd3ab6.tif,G. siphonifera
N. humerosa/fc90a03d8ab34f42a683431af31aa01f.tif,N. humerosa
N. acostaensis/ea4ebb6bb9974ef29721725111e342af.tif,N. acostaensis
G. truncatulinoides/9e95b7b9a64543f789fd798fe32fd638.tif,G. truncatulinoides
G. tumida/e0a07622bb1e4802ab0493d4ab48fa74.tif,G. tumida
G. tumida/3b3cda9372aa4751b27a92d8c936a3b5.tif,G. tumida
G. sacculifer/fbda32c36a8948c29ea3066cd24f2a76.tif,G. sacculifer
P. obliquiloculata/34d6f4afc51e4843a6a13ad6d9087d98.tif,P. obliquiloculata
G. tumida/7ec762eccfc8476b8ab5404d4b34d1ca.tif,G. tumida
G. ruber/88a6e74845b44d65807117321992f3f1.tif,G. ruber
N. acostaensis/fc982af0c51c47f2a7d39a25edc8f749.tif,N. acostaensis
G. truncatulinoides/8fc3750445f74084b15d6c6f9edab2ca.tif,G. truncatulinoides
G. sacculifer/0e8e0d609e4044f1852f420f0d73d280.tif,G. sacculifer
G. scitula/661e187fb5c541ed820814ce8cf3f051.tif,G. scitula
G. ruber/86aef3dfaa234d19acf898fc62e12f5e.tif,G. ruber
N. acostaensis/f23ea75c26884f669270783db6679b0f.tif,N. acostaensis
G. tumida/c244432f13d54b4ea60d2fa011a59393.tif,G. tumida
G. ruber/96c593691d3641a0aff4ca9c1ab1c5df.tif,G. ruber
O. universa/e87889da53bd4818b022d40083a7b5ca.tif,O. universa
G. tumida/d85a58c4fce049a681bb56ce87d58397.tif,G. tumida
O. universa/fd72d3af2e7a4566863b4d79ab41a634.tif,O. universa
N. humerosa/08f28b868b324b339ab8b051c9c6bb50.tif,N. humerosa
G. tumida/4a71aecfc65144f6ae5a020ab7df53f8.tif,G. tumida
G. sacculifer/fddf4de3b96f45aca432cf2a9a0db63e.tif,G. sacculifer
S. dehiscen/de6ee30593b24907ae8d6f6abb4a898d.tif,S. dehiscen
G. truncatulinoides/d00cedd3ed984fd99832ec30c4c039af.tif,G. truncatulinoides
G. siphonifera/d134a24bd5f84288bde5b25c1313a3e2.tif,G. siphonifera
G. tumida/65421a0da1c841e5866908b4ec782fa2.tif,G. tumida
G. scitula/29307d83f6df494ea7542d84e482fbb2.tif,G. scitula
G. truncatulinoides/dc070ca351f84f699829e1312fe0ca28.tif,G. truncatulinoides
G. truncatulinoides/f0ce775b077e48bfa02a3780f9699389.tif,G. truncatulinoides
N. acostaensis/da00d79260674fe4bce416f64ba6586e.tif,N. acostaensis
G. ruber/eb8e3531bed844488f3c69a8e9dffdcf.tif,G. ruber
G. sacculifer/1d0765aaba204269ba42927d7326df7b.tif,G. sacculifer
G. sacculifer/6ca217d68de64cd0b7abe5b1c72e37ec.tif,G. sacculifer
G. ruber/b522fd2edf8e4239920694d03b2cf8dd.tif,G. ruber
G. sacculifer/17598ce213fe449599a2eabaae1385e2.tif,G. sacculifer
G. sacculifer/0895f260270240e9a41b785ef7d05e37.tif,G. sacculifer
G. scitula/a3454ec2310d44e8b23b9578eefe2e54.tif,G. scitula
N. humerosa/8d19b30a783e45ccb229560a6311d2c5.tif,N. humerosa
G. siphonifera/28afcba5ec5c4ae48d4a0fbfe2f94b7a.tif,G. siphonifera
O. universa/10f72ba806e0456aa25b55f979402ad5.tif,O. universa
G. sacculifer/42c16fd501494dc88b1afd1b6a129947.tif,G. sacculifer
G. hexagonus/1b323b3500e84f02b93561577903ac4e.tif,G. hexagonus
G. ruber/152785faf3aa4c7eaaa87e431df649ba.tif,G. ruber
S. dehiscen/93480399e4e14a8c851e95331d0398b1.tif,S. dehiscen
S. dehiscen/cd91f6798e1b436b8a3c90ec4dea9ee3.tif,S. dehiscen
N. acostaensis/26ad64d559cd42b19c0b5a00d6673847.tif,N. acostaensis
O. universa/117de5b9ff274b0c85cce88b69327ba3.tif,O. universa
G. scitula/2944f72683e247a7a4119fbe5892b173.tif,G. scitula
G. sacculifer/216d1d8f8e134ecfbd1c5e43805b5599.tif,G. sacculifer
N. humerosa/014170c0c60847398e42bcecb92a18b6.tif,N. humerosa
G. ruber/0cfaeaf3b8e84842a06e81c183b6362f.tif,G. ruber
G. elongatus/8922506dafa441b889ccf339fac21e11.tif,G. elongatus
P. obliquiloculata/0bbe28f8954a46249a67e597f2dcb20d.tif,P. obliquiloculata
P. obliquiloculata/54c84c178e894534b02c2ed4f55ef5dd.tif,P. obliquiloculata
G. ruber/3f8de84a76bf4f8689d51f073a9aa3c1.tif,G. ruber
P. obliquiloculata/85d5a3860e974f0f94fa746f3812b8f4.tif,P. obliquiloculata
G. crassaformis/22354832afa24e778c5544fe22bf6b9d.tif,G. crassaformis
G. sacculifer/656c5d1f2ac74f18a6c4b775e00f5cd2.tif,G. sacculifer
O. universa/b70a4f807b4344848bd4828abd1017cb.tif,O. universa
G. ruber/e9dc423a513d490aa4f46942469ff40f.tif,G. ruber
G. sacculifer/b65864330db1444cb3ee10902eec33cc.tif,G. sacculifer
S. dehiscen/870d575c7ea442c29e4ce34b7513dd20.tif,S. dehiscen
G. truncatulinoides/2cbe163219e541afa57fa9b3fca1697a.tif,G. truncatulinoides
G. sacculifer/d5010c6261de4a72b803a722cd940304.tif,G. sacculifer
G. ruber/92fb9c6ce36241209f499f9f4fb95f84.tif,G. ruber
G. scitula/b2cd35c8925941b98ed972459c57ce68.tif,G. scitula
G. siphonifera/8092834e4d404b5a9d9a2eb345c6243f.tif,G. siphonifera
G. sacculifer/a0456608f5bc4cfba7e4dc3b323e56e5.tif,G. sacculifer
G. ruber/4626e6bf26fe492992a7f77dbcf14420.tif,G. ruber
G. sacculifer/4d42bdf5caa143beba2e3cd65bc5da5b.tif,G. sacculifer
G. ruber/024c91e89ff44fda88b49299404f94ab.tif,G. ruber
G. truncatulinoides/5813f4ca2f5e4d7ca7d40d221302ac92.tif,G. truncatulinoides
N. humerosa/810f5e12099545269f2f79e7768bfae4.tif,N. humerosa
G. tumida/2284be0c6b04481d8e62b707da268684.tif,G. tumida
N. acostaensis/c697cf6738554b7fbb282e133b9ba5e8.tif,N. acostaensis
G. truncatulinoides/fa5f256fa2d040078c9ebc00d9cd5126.tif,G. truncatulinoides
G. scitula/9edf3ae9907549679e6997e746804a9c.tif,G. scitula
S. dehiscen/a62975b8a84c4fb999982031a292b958.tif,S. dehiscen
G. sacculifer/5b6d72adca5246869cca603142552c93.tif,G. sacculifer
P. obliquiloculata/e365ef851b39408f873b597c6fc3306a.tif,P. obliquiloculata
S. dehiscen/86c6704ab0984e3f953a0041afe56d97.tif,S. dehiscen
S. dehiscen/059de8794bfd451a9ab4d8a8f8aa0aed.tif,S. dehiscen
G. crassaformis/12527fc8af074c6ba6f5f9722b7cdc7b.tif,G. crassaformis
G. ruber pink/3f369c7517204c818a00f0ceb23a8116.tif,G. ruber pink
G. truncatulinoides/90472d9f434440cca9a9a3f26b343b33.tif,G. truncatulinoides
G. tumida/0e574bc0d79e4e8285e5f290809b5412.tif,G. tumida
G. ungulata/58dee0a1b5544ef1919be9df83c59c96.tif,G. ungulata
G. sacculifer/9aef1ee3311e45c28a03ef19ebbde430.tif,G. sacculifer
G. elongatus/024c3f63069e4aada5c92f1b0fedfa08.tif,G. elongatus
G. ruber/079655f6cf9940eaabe9000fa4e7fccb.tif,G. ruber
G. ungulata/0da08583bbc44873b7bc78cd18e81001.tif,G. ungulata
G. truncatulinoides/6895bf931d284f5b84369b2ac794c443.tif,G. truncatulinoides
N. acostaensis/db75618b97fa46798aef882ec0f54f84.tif,N. acostaensis
G. truncatulinoides/b28ca684a4d9468299546693279f4fa8.tif,G. truncatulinoides
G. tumida/89d42b4d8dc64dc9a522a750297ecfcc.tif,G. tumida
G. ruber/e1c6a37e11104ca89cce0f2373bedc4e.tif,G. ruber
G. ruber/24ccd946db0d45d6975e8a6fb34c0fcb.tif,G. ruber
G. tumida/92fe7fd36cfe4f2298b933fc7841e88e.tif,G. tumida
G. sacculifer/277eff7f0eaf4cea868917e24ecee8af.tif,G. sacculifer
G. tumida/a04ab4a678f14e04911b03f94d76d3c0.tif,G. tumida
G. sacculifer/ba8ef31695704c2b92c391ff1815a015.tif,G. sacculifer
G. sacculifer/97e6c62746df4706b069aac73e001337.tif,G. sacculifer
G. sacculifer/f15e3144d1da44bcaddb0aa73a291124.tif,G. sacculifer
G. scitula/f8fb21d628314fb19df6d2e6afb9e1d2.tif,G. scitula
G. sacculifer/153c9fb53ef346d19b9a85890ec3f4f3.tif,G. sacculifer
G. sacculifer/0f03b0a511f74bb8bee6736092770d37.tif,G. sacculifer
G. ungulata/22c1424b2ac7429bb15554695d38fcc5.tif,G. ungulata
G. ungulata/832d8b38f34d4beb900c02effacbf993.tif,G. ungulata
P. obliquiloculata/5712b0c926174f1bb6b36b4c0fb12f67.tif,P. obliquiloculata
S. dehiscen/b150e704ac2d4bfab75c862d3408f149.tif,S. dehiscen
G. hexagonus/8026eba66a074ca3a1a32586b3c6e2d4.tif,G. hexagonus
G. tumida/6856fe942f54462aa88d3074afdd0a4b.tif,G. tumida
G. scitula/a7862cc8c3324d05a6ad0d890e5f6dfc.tif,G. scitula
G. tumida/83f0eb50f2804057972183750d185105.tif,G. tumida
G. scitula/13b70972132449f880dd979b96738d9c.tif,G. scitula
G. scitula/e936684225e946d9b08762d57759ef26.tif,G. scitula
G. crassaformis/1ca5a10d5c574ca8896cbcec9dcadbe6.tif,G. crassaformis
G. truncatulinoides/732e9c46d8b9435fb5d7d8df9a3dbc78.tif,G. truncatulinoides
G. sacculifer/83fc2257653844bea31dc27fa7bc2220.tif,G. sacculifer
N. humerosa/3d28c91e40b04024be3aafdd11fd56df.tif,N. humerosa
G. tumida/c2dfa303e13c4d85b0cc62ad4992e31c.tif,G. tumida
N. humerosa/4f3ffd7becbd47aab34eba66abe22569.tif,N. humerosa
G. truncatulinoides/d61a7104d1fe4160aacaab91aed531f0.tif,G. truncatulinoides
N. humerosa/4c80b6aaaa5149a79517bab3dbc64269.tif,N. humerosa
G. tumida/2d65f6550f344f468179335a8c8cccb3.tif,G. tumida
G. ungulata/72ada75f2fc94b78a03a913ec63ed072.tif,G. ungulata
G. siphonifera/569fb9da490c404ba982c699829d79be.tif,G. siphonifera
G. scitula/eae689e8dd44410180236cd8ca0371c7.tif,G. scitula
S. dehiscen/6a738ef3a6c54e4987680caf94b94394.tif,S. dehiscen
S. dehiscen/c3774186d5f744d7b98f5d8529d3283e.tif,S. dehiscen
N. humerosa/308932fb6fa9435bb14209e5757015c4.tif,N. humerosa
G. sacculifer/13a3197ff5fc4d45b2b0a83ec61677d7.tif,G. sacculifer
N. dutertrei/440da5ac346343e28e972bc28cf98e67.tif,N. dutertrei
G. truncatulinoides/78d57c079c2042aaa998f2062ef23195.tif,G. truncatulinoides
N. acostaensis/7153c7614cec4d4f854f6bf76ab3eabe.tif,N. acostaensis
P. obliquiloculata/74c8d5952b2f414f9b634a5bd557669e.tif,P. obliquiloculata
N. dutertrei/be7efe7a98534ec5884370ac0f4361a0.tif,N. dutertrei
G. sacculifer/e66bc89adfec446f8f725610bb0f006f.tif,G. sacculifer
N. acostaensis/1bb7145f58074edda2ba1b48e28652b8.tif,N. acostaensis
P. obliquiloculata/0410ebb813914940b0a110c8e68be7fb.tif,P. obliquiloculata
G. truncatulinoides/dcbd5b20279a4e8eb6fbdc8669ca1b2c.tif,G. truncatulinoides
G. truncatulinoides/3c3d6c3daecd4055bd1d61b264f431ef.tif,G. truncatulinoides
G. ruber/5bce710a3fdb44a2b8505e4bc6aacc4f.tif,G. ruber
G. truncatulinoides/0a7c0aaeee7a411fa9a23d31682a7ea7.tif,G. truncatulinoides
G. truncatulinoides/3b055ee1f0024734aee14439856f9e0c.tif,G. truncatulinoides
G. tumida/ea1f469905aa4c0d95ea268a851fa0fd.tif,G. tumida
G. siphonifera/12e0968371974717a299c408ec57c19e.tif,G. siphonifera
G. truncatulinoides/49069953d6f44a6d87d0fe85c5a1c5de.tif,G. truncatulinoides
G. ruber/38fd9a1d0f08451494e93efdffab6a0c.tif,G. ruber
P. obliquiloculata/00b54a240d9245349f859923c59e162f.tif,P. obliquiloculata
G. ruber/dbf258595c1d465e9b5eaec76bafe951.tif,G. ruber
N. humerosa/9fd9a02df7e6489ea855fc35312454b1.tif,N. humerosa
G. truncatulinoides/218cc57d2d344559b0b253ee6df1b9b2.tif,G. truncatulinoides
N. acostaensis/cedee586ac1444809accaf8e3be2f15e.tif,N. acostaensis
G. tumida/b5e2c41facee4017bccc462f2df0fefe.tif,G. tumida
G. truncatulinoides/0ce4a6b3ae3b4e67a685cc4bbb240a85.tif,G. truncatulinoides
G. elongatus/7564c8c1e08341ce9cfed91f71f41869.tif,G. elongatus
S. dehiscen/0b30b00ab0d744889a37304805db4fac.tif,S. dehiscen
S. dehiscen/df1425a28e2d4e9c901b2aa4060254fc.tif,S. dehiscen
G. siphonifera/d689d4f9faeb4b7ca2bf75a0f711a3aa.tif,G. siphonifera
G. sacculifer/fb9de00b43e146e3b0b134cb9ddc1887.tif,G. sacculifer
G. ungulata/08c65669019b497fa3e0f6cfb3348827.tif,G. ungulata
G. siphonifera/0c3f71d16f154f64b697e0b798967f26.tif,G. siphonifera
G. tumida/5d20f059eb2a4b08a05350a2720a3367.tif,G. tumida
N. humerosa/de97533155a54563bfaad3570ca94f29.tif,N. humerosa
G. ungulata/461bf5e5d72f4fe097fae8a45778806e.tif,G. ungulata
G. ruber/1e6c66a7b57b4701a4f2c5c2559c2b54.tif,G. ruber
G. scitula/ee11773d35334b9fbcda837e8d52bc26.tif,G. scitula
G. elongatus/8c18f3ff7b6c4000986e9670b38c11a9.tif,G. elongatus
G. ruber/16a2a7d60ca04fad84f641594600c05d.tif,G. ruber
G. tumida/590135c513c34b5f8ebc03c08e52e1a7.tif,G. tumida
G. scitula/58609b126fc44314ac828da7c2b057a4.tif,G. scitula
G. sacculifer/af2b12f9ee354d52b2688467d3b7a8af.tif,G. sacculifer
G. siphonifera/53a90e1d3c5d43158d93ac02676c3aac.tif,G. siphonifera
S. dehiscen/8b46e93e7bbb404ab8470a77e7c60882.tif,S. dehiscen
G. scitula/7c64423c11a648e9abf4763dff1982ea.tif,G. scitula
G. elongatus/8f3759f4f93d4642b39ca49ebccadd78.tif,G. elongatus
P. obliquiloculata/e09d625f9d6f4614b12149b1dd265e36.tif,P. obliquiloculata
N. humerosa/1ef249ad59054815bbf5e152b800e4b9.tif,N. humerosa
G. siphonifera/03b62e0075ca4572832cba9d36096d8e.tif,G. siphonifera
G. tumida/faaf28c88c734b818751d811039da546.tif,G. tumida
S. dehiscen/90a5d8004a214617b83de475589a8a6e.tif,S. dehiscen
P. obliquiloculata/c691af18c49e4180abb53cc21918b9df.tif,P. obliquiloculata
N. humerosa/286befa273c54f1b92c46c06ffc3aa1d.tif,N. humerosa
G. elongatus/06b1dc984d2741459e7937727c1194f7.tif,G. elongatus
G. tumida/7298790ba37a415b95f63fbb2ea39656.tif,G. tumida
G. ruber/9a26303cb35d4494b6030976bedc9ddf.tif,G. ruber
N. acostaensis/cbbdd1d3f73947a5abbd3bb1566b5c43.tif,N. acostaensis
P. obliquiloculata/2c195598638e42f792819906bdf1629b.tif,P. obliquiloculata
S. dehiscen/c3988bff9b1b436aa68470ff7992dafe.tif,S. dehiscen
N. dutertrei/d5a1307b4380422db117502e1262bdd8.tif,N. dutertrei
G. ungulata/d847c86cfc2b4177a0592837723bffa7.tif,G. ungulata
G. sacculifer/428b5ab4a1c244d38e1d06f0a2ca3d2c.tif,G. sacculifer
G. sacculifer/f96c48f5898248f1b46074119b6412d3.tif,G. sacculifer
G. sacculifer/91a3c6de507b4d30b5b9421aa4fed168.tif,G. sacculifer
G. siphonifera/c113008ac78d45f980910731236203e2.tif,G. siphonifera
G. crassaformis/be496f52712544a9aee537a71822536a.tif,G. crassaformis
P. obliquiloculata/c9e25571095045c99706a4c341f69151.tif,P. obliquiloculata
G. siphonifera/4a07c957477e4b01a2843239bc7cd423.tif,G. siphonifera
G. sacculifer/18a8020ee5f5432bb40352785ba66a3e.tif,G. sacculifer
G. sacculifer/abe026941ee349c39815b754347dc51a.tif,G. sacculifer
G. sacculifer/9805388a2dfc4f659b2d724debc3a335.tif,G. sacculifer
G. scitula/1b8606458b4949e08c66052c93ec4959.tif,G. scitula
G. scitula/3172a8f2cee8433f91e75e9f6a4d38dc.tif,G. scitula
G. sacculifer/16a2e048a4a04ac7b05490fa775ca9e0.tif,G. sacculifer
G. truncatulinoides/30f3a25b7be845d3a148443be76062d4.tif,G. truncatulinoides
N. acostaensis/35943e09554d4bb1ad5199e90acab600.tif,N. acostaensis
G. sacculifer/0cb43c5960e0448195b6fc093f75e55c.tif,G. sacculifer
G. crassaformis/3eec85320f954189b59b8403dd36ebe8.tif,G. crassaformis
N. humerosa/01aaeeac57074d1e9664795e09a207a1.tif,N. humerosa
P. obliquiloculata/d4084f96a0a443369c01aaab626158d3.tif,P. obliquiloculata
O. universa/059c5f0855d04303afb1015fc5a48aaa.tif,O. universa
G. tumida/947befc4609145f89664cbe5197d4346.tif,G. tumida
P. obliquiloculata/b0127f597b534393acdb10ad3463861c.tif,P. obliquiloculata
S. dehiscen/93e1006a09cf4125a766c5803f250929.tif,S. dehiscen
G. tumida/f94771a749d5407db614bbc2c6912a42.tif,G. tumida
G. sacculifer/071a0340782a4b94aee464be97874589.tif,G. sacculifer
G. ruber/d70594013b51410a80e30434b3355261.tif,G. ruber
N. dutertrei/5ba6ea8c59344fb9b937d15805bca2cb.tif,N. dutertrei
N. humerosa/31d384ded960426981c519789677da9e.tif,N. humerosa
G. ungulata/e982128a1c304b3dae9bfbe7f9a42e6e.tif,G. ungulata
G. ungulata/691ca1669b374663b923ec6d26abe6b0.tif,G. ungulata
G. ruber/c5429ad981f547a7b444fd669ab7bfeb.tif,G. ruber
N. humerosa/797ea9742b8a464fa9d74efad677dd22.tif,N. humerosa
N. acostaensis/5a16ac7d2657457dbc973f2f6a2813a0.tif,N. acostaensis
G. elongatus/0217273d2021465fb8d6cf1d3e71c4fa.tif,G. elongatus
G. ruber/7c5fd42cc624457c8892f19e14ab3215.tif,G. ruber
G. tumida/a396f29cbb84487fbad17ed116614736.tif,G. tumida
G. truncatulinoides/31aa029e1c9849938f8169072214a834.tif,G. truncatulinoides
G. ruber pink/53ff2cc11b374834ad783bf782c764da.tif,G. ruber pink
S. dehiscen/134e7cc4b02341978254baf59ae3116b.tif,S. dehiscen
O. universa/31762080644943789aa40ed425673afa.tif,O. universa
G. ruber/3eb25933643143bdaa350a719171d8a8.tif,G. ruber
N. humerosa/1634c585d9eb4458a06689bb8d5784c0.tif,N. humerosa
N. dutertrei/58b28117dbc742a7ad95e8a23068d916.tif,N. dutertrei
G. scitula/8698cbf30b934f2391ef9a2539e10b55.tif,G. scitula
G. elongatus/3add93c063d9474f8a9c9ddeb7b5beca.tif,G. elongatus
G. siphonifera/859db55b3d544e5fad9688e48a6878c6.tif,G. siphonifera
G. truncatulinoides/8f3b4eb23cdb4258beca7f4bb99f879b.tif,G. truncatulinoides
G. siphonifera/6a22a479068344aca671e9fcb731ccca.tif,G. siphonifera
S. dehiscen/bece82c111e34fc79128d622d432ad33.tif,S. dehiscen
G. siphonifera/8c9f62c805774cdaadeac9cf2d698d39.tif,G. siphonifera
G. scitula/44e71198caba4574b014f59e6e52d5c8.tif,G. scitula
G. tumida/bd6b03cb04b7417f81a5514d75c74de8.tif,G. tumida
G. scitula/93ea0f9c1c204e5fa8c361386273dbff.tif,G. scitula
G. truncatulinoides/9b9541f9ea514107b122d713abd4cf9a.tif,G. truncatulinoides
N. acostaensis/53a35b3211f54c5fa973073f24dc6687.tif,N. acostaensis
G. ruber/0c2434995cae47c392a409114d017e7f.tif,G. ruber
G. tumida/2b072646fb104dfa8630a9c3397f2b05.tif,G. tumida
G. siphonifera/58bd4b8ba6aa4b0a966176adbccd5fda.tif,G. siphonifera
G. elongatus/8927f6ec29db4482a22283d805885fec.tif,G. elongatus
G. siphonifera/f75c6a21c2fc4accb8285df8cd4923ef.tif,G. siphonifera
O. universa/6e740a4cc9d14c7996f39ca7d8e8086b.tif,O. universa
G. tumida/af4bcfc078e3413a836370ef646e90ae.tif,G. tumida
N. dutertrei/05edc37268dc47a685e668472fe230a0.tif,N. dutertrei
S. dehiscen/54d716a9e57f4203afba675398fd116a.tif,S. dehiscen
G. sacculifer/f6114b4a33514c2d8786ddc8d7a9cecc.tif,G. sacculifer
P. obliquiloculata/cfe582b2ff4d4f1da179ee7340252788.tif,P. obliquiloculata
G. crassaformis/8ae7021b067f4faaac041b822a9e8e35.tif,G. crassaformis
G. scitula/3157e5b5113e4bfaa28ed403895bc666.tif,G. scitula
G. tumida/d4083c9f839f4cedb73d5291cd6bedbd.tif,G. tumida
G. sacculifer/e8b6c8bd957c49e593fe56ec08f814ed.tif,G. sacculifer
G. scitula/deff5907c51b46649d568a4d43b777b0.tif,G. scitula
S. dehiscen/101d6140b8b945fba96398a6a9e1d84f.tif,S. dehiscen
G. sacculifer/251117f3ce9f4bd3b4cfab3378dfba16.tif,G. sacculifer
S. dehiscen/68a77f87a0974e248dd68e26b3f994ed.tif,S. dehiscen
G. ruber/5f2f9865de1949f189d49ade4c776337.tif,G. ruber
G. scitula/ad379f6a2fdb4d30b5d767e62497e8ce.tif,G. scitula
N. humerosa/13da85e62e1842e09f40b89e9897fa27.tif,N. humerosa
G. siphonifera/ed5a2d0a55cd492688d1bcfab2183304.tif,G. siphonifera
G. scitula/835bc137a932421ab383114b7b764c80.tif,G. scitula
N. acostaensis/eff966ff6fea4c788df57d09087872ed.tif,N. acostaensis
G. siphonifera/6ee2607c85514ed29182276cea1e0859.tif,G. siphonifera
G. sacculifer/774810cc1db344b6b6f2b2ac97d3dd86.tif,G. sacculifer
G. sacculifer/19394f428492400fa8ac2082a5f3ee48.tif,G. sacculifer
G. truncatulinoides/6aa4dd3598b74620a4a67b97750e3031.tif,G. truncatulinoides
G. tumida/2596116c719f4997a3124292a48ad28b.tif,G. tumida
G. scitula/630468f098e94c5982b7837f8dedee05.tif,G. scitula
G. sacculifer/de606c745ed74c8c9a1fd539d0af58e2.tif,G. sacculifer
G. ungulata/4e87727d98ab4801a119d9cb6cde8425.tif,G. ungulata
S. dehiscen/8f8bcaa943ee4137b06bc17cd1e68ecc.tif,S. dehiscen
G. siphonifera/99ff73b576454f31bd781b27fc358ea5.tif,G. siphonifera
G. crassaformis/86e6dbeefcb747e592710a44aa021cd6.tif,G. crassaformis
G. ruber/5789f939ed3442afaf20d433394e5e3a.tif,G. ruber
G. truncatulinoides/efb8502cf66c45f8a471e44377382832.tif,G. truncatulinoides
G. sacculifer/0f5435bec0de4fa2bb1a1194f983f3f9.tif,G. sacculifer
S. dehiscen/f44a04374c8d484a9de718dffbc04be7.tif,S. dehiscen
G. ruber pink/b6f4bfc01ac34ad79386138542916469.tif,G. ruber pink
G. tumida/cf4353029b4540f1bc45499913bd823f.tif,G. tumida
G. scitula/8b9712d071c94c9eb95ac485c0c1d293.tif,G. scitula
G. tumida/c053edb32a2c436f9453b81a8e781c35.tif,G. tumida
G. scitula/b22a53f220eb4df99fce1e5a43d93c61.tif,G. scitula
N. humerosa/3320075de61b48568e8d4686ca3f97b6.tif,N. humerosa
G. truncatulinoides/9fc88fc477754795bc05a72c243b1456.tif,G. truncatulinoides
N. acostaensis/64fa5ed2fe434ab3b212e2030cd4f9ce.tif,N. acostaensis
N. acostaensis/13197fd2cf8d460c92997c6f89e728e7.tif,N. acostaensis
G. siphonifera/7aae03a09bb04cbfbbb2c63501a7c7ae.tif,G. siphonifera
G. ruber/f8f16d0fba6f471780c4a2def2502daa.tif,G. ruber
S. dehiscen/9e6ae35c81004a9684c4914540f6169d.tif,S. dehiscen
G. sacculifer/87b506d6549e49f6beddaef909592b5e.tif,G. sacculifer
G. crassaformis/0660eb55111a47d7830704a882fee65f.tif,G. crassaformis
G. ungulata/5d6aba876c994250b78f0fb385efb97d.tif,G. ungulata
G. tumida/b2c096a6ac0f41e68e628d1148d302e8.tif,G. tumida
G. tumida/7607b2e62d4246bbb0238ae0a881cc08.tif,G. tumida
G. ungulata/ab52cbe73349464fa678163953efd56b.tif,G. ungulata
N. dutertrei/c464b176e38247c7bffe2dfbdd648be0.tif,N. dutertrei
G. scitula/b1beb861d0464bd49b2b5f97d6f30d4f.tif,G. scitula
G. ungulata/0983085a57ab4e7aaf0d8976771a7c07.tif,G. ungulata
G. ruber/b8fe4812bd9342f9bf9e32fe5194968e.tif,G. ruber
G. siphonifera/bfd4d396e806442398953f8856b85de3.tif,G. siphonifera
G. truncatulinoides/b53334b8048a4c09923d9d407c81e2d3.tif,G. truncatulinoides
G. ruber/d9a5ebefdc06442e8453efbccdfb707a.tif,G. ruber
N. humerosa/1c64c7b2735b4361ab130b5e4e464993.tif,N. humerosa
N. humerosa/33268c5e09864bdfaecf93fdef0f7d61.tif,N. humerosa
S. dehiscen/8738ac311e554b028371884aeef77265.tif,S. dehiscen
G. truncatulinoides/d42236fd89174b46a189814346e3ac6c.tif,G. truncatulinoides
G. scitula/6616c0260b744b4fbd56ae90cd40ccb4.tif,G. scitula
G. ruber/1073acf2ac53419ca2228d5e92fbe416.tif,G. ruber
G. tumida/e22a1b7de5424689893a8460f79e39fc.tif,G. tumida
G. scitula/6e09494791704bce9ab278e7fe8caa54.tif,G. scitula
G. truncatulinoides/7c89576fceda4178ad0451590e268e1a.tif,G. truncatulinoides
G. ungulata/7ef1e25e9ddf40229b25b7c18fddf308.tif,G. ungulata
G. tumida/d3c8d84b6b184813b6893c6a9a45a1e7.tif,G. tumida
G. ruber/b31bc5e3a8cc479f85a06a59254f459f.tif,G. ruber
G. scitula/77a86ee1e2134c8d86533a31d57f5178.tif,G. scitula
N. acostaensis/7781ae69cca7425598536bde89b3ab12.tif,N. acostaensis
G. siphonifera/0d5d053c64bf4dcdbcfbf5cc697406a7.tif,G. siphonifera
G. tumida/8c2c7b4070ec46b9b10ab72f1a2007e1.tif,G. tumida
G. ruber/1eeb37b4eb1642d185a55d2eea1a11d9.tif,G. ruber
G. crassaformis/9a2f550a0fd54cbbbed3df5194178403.tif,G. crassaformis
G. tumida/9adad3d9345d4024ab907dc7aa75ac0d.tif,G. tumida
O. universa/43b2d933603448658b46853c5d29753d.tif,O. universa
G. ruber/110f76f6566248d6b2d1c73349337b2d.tif,G. ruber
N. humerosa/66397bce3a8f40d9ba3fac6e4e761238.tif,N. humerosa
G. truncatulinoides/188423e530894847839ec37cc6b8a1df.tif,G. truncatulinoides
G. ruber/16b92bbae53d44838da45d505fc45c44.tif,G. ruber
G. sacculifer/86bb119509d444fabb4ce65f5f3ac39e.tif,G. sacculifer
N. humerosa/5e8b014288c248468cb2b39af4defba8.tif,N. humerosa
N. humerosa/4b65919a9ca2493b9c3f578afe301b05.tif,N. humerosa
G. crassaformis/0a4834cd8215498698fc90fb1dada7c8.tif,G. crassaformis
N. humerosa/d556c8d3453c4fab9f146bd65c936692.tif,N. humerosa
P. obliquiloculata/8b7d0715888d45a48811b351c6f6e17c.tif,P. obliquiloculata
P. obliquiloculata/b8f45bf18391445da776b3482036a291.tif,P. obliquiloculata
N. acostaensis/de4ce89b2b524547807fe8f48fb02019.tif,N. acostaensis
G. truncatulinoides/ce60160861694462ad97233b02a03799.tif,G. truncatulinoides
G. hexagonus/f82fd206d9914bc390fe4b29cb3861e6.tif,G. hexagonus
N. acostaensis/c4d077c1218c4ce0a69ca0f8853a6eca.tif,N. acostaensis
S. dehiscen/8b41e98315944dd29ae6e9692b232e8d.tif,S. dehiscen
N. acostaensis/c0fe9932fa364356a8d584bc4528d53d.tif,N. acostaensis
N. dutertrei/565e73f16d734229a08bf881b42886d9.tif,N. dutertrei
G. truncatulinoides/739ef4fa634c47a18809b80551be4a91.tif,G. truncatulinoides
G. ruber/837ee9c9252443d1b6609cf7966cb571.tif,G. ruber
P. obliquiloculata/996bd1cfff3d43a1ac33c7ffe5703dd4.tif,P. obliquiloculata
G. ruber/8c5a9c4c97d54e9ab64a5d24dbad2068.tif,G. ruber
G. hexagonus/e1506239dd404c28b039d5fcae2a9867.tif,G. hexagonus
N. humerosa/f66793d5487a49fe9e41adc85fc2e243.tif,N. humerosa
G. truncatulinoides/fa5d0ef19ecf4f439bb86a1324fd99fc.tif,G. truncatulinoides
G. ungulata/fabb59d6ec2144feae0bfa3dad2bd1b5.tif,G. ungulata
G. ruber/68a5f33be7064007ac700005d1e759ce.tif,G. ruber
G. ungulata/70d3a6bf69084c84b34cb7de9d7e690d.tif,G. ungulata
G. tumida/c34648cfb51d4fc49b207432680180b5.tif,G. tumida
G. ruber/1ca96acfa5e240bbb23b2f71f316ee85.tif,G. ruber
G. ungulata/21000bc28841491dbdb55184114760e9.tif,G. ungulata
S. dehiscen/113158d058004cadb6407163a8e16a4d.tif,S. dehiscen
G. ruber/f5051e8dddd5415a9fb17d2caf94f4e3.tif,G. ruber
G. siphonifera/c9b681a121234720821c2c7186d1e4a7.tif,G. siphonifera
G. tumida/78f29274acac4ccd984c8e7507a4fbdb.tif,G. tumida
G. ruber/559c7674528b427fac103c92b65443c3.tif,G. ruber
G. elongatus/fe3fca947101409a8f137801fe0f0a7d.tif,G. elongatus
G. scitula/6f574c43876340728ad4723bc795075f.tif,G. scitula
P. obliquiloculata/ce5b3989300a4cf3889f13a47b8461a6.tif,P. obliquiloculata
N. acostaensis/085f0c1f91a74674bd0bc3f49e4f4a3e.tif,N. acostaensis
S. dehiscen/d9a2decc3ad34b02bb2fa81dd4810871.tif,S. dehiscen
G. elongatus/5a92b51ea9ef42bebc067f7d358a80da.tif,G. elongatus
N. humerosa/57d34e685e614ee0a137d4ce5b06b273.tif,N. humerosa
G. truncatulinoides/cad5fb04b2ac4cc5a472240ec10a13e2.tif,G. truncatulinoides
S. dehiscen/cb16ebb088324bfebf1e53a9c8263ad3.tif,S. dehiscen
G. ruber/783e62d1ad0c414fb530b785c9e5009d.tif,G. ruber
N. acostaensis/52548f16c1e1424a8da6668579d14eb5.tif,N. acostaensis
G. truncatulinoides/fe90e179fbe949bdbcc0483123112219.tif,G. truncatulinoides
G. sacculifer/89614f03ff7543a68bb00cbaf5fae0bd.tif,G. sacculifer
G. ruber/970c7d1f911249768e51c92fa3a83d2c.tif,G. ruber
N. humerosa/dbe440b95a2e4bfaa05557b138eebc06.tif,N. humerosa
O. universa/8e995f4d0bab4c8c864608d527d3c9ac.tif,O. universa
G. ruber/b9a91a1fe3bc44229f7d9a009e61919c.tif,G. ruber
N. humerosa/05dbecb1357f48e29a7931dd14d548fb.tif,N. humerosa
G. ruber/a864788aa09840eca0b56ed49d1b47a8.tif,G. ruber
G. truncatulinoides/5f288a79b1474faf95b7ca6b5fe9bf4d.tif,G. truncatulinoides
N. humerosa/89dea890697e40e283c9a15054cd4f40.tif,N. humerosa
G. scitula/eb4f193f68d54aab976c6d8edc32b64a.tif,G. scitula
G. crassaformis/d28c88f1668c419499d82f7a472bc859.tif,G. crassaformis
G. ungulata/087a8b78566147d8b45f028bca76628c.tif,G. ungulata
G. tumida/f6df919250ff4f6a87c79ad1865bc3ba.tif,G. tumida
S. dehiscen/ffe3712e67c249a3b2b2d2c44735f240.tif,S. dehiscen
P. obliquiloculata/b4d9dceeeb874a2eb10d54ca4178a55e.tif,P. obliquiloculata
N. humerosa/7077f1eb484340e18986b925c433f898.tif,N. humerosa
S. dehiscen/f5bcf1ada7d84ef2b6f76ecc1793562a.tif,S. dehiscen
G. scitula/3a0a81fc84a242b0a0028a85f58559b3.tif,G. scitula
G. elongatus/00fe6a4b0d24429fbe4d7479530ec048.tif,G. elongatus
G. truncatulinoides/18274f6b6561406da64dc9cf880a6195.tif,G. truncatulinoides
N. acostaensis/1454c37dbafc480f95500176edc0327e.tif,N. acostaensis
G. tumida/6fa26bcd5b8146808c8fa4dc9d73d287.tif,G. tumida
G. crassaformis/7a4c34b21ef84618945c14f26fb5f4b5.tif,G. crassaformis
O. universa/ad90871be4734cd68017061380d11880.tif,O. universa
G. ruber/5b93c55ed5e3450ca1da0b6698a0584f.tif,G. ruber
N. dutertrei/ef3bd58e65254ef7b906de2b919fbd6c.tif,N. dutertrei
G. tumida/6410c324ba384a46a7bab3bf3d5b0d90.tif,G. tumida
G. truncatulinoides/cbba854a50c8458a836f36f2b4c6aa23.tif,G. truncatulinoides
G. truncatulinoides/6693abcf722146c681069d68a67a78ba.tif,G. truncatulinoides
G. sacculifer/542697f3dac24b169e28d3dfe105c0a3.tif,G. sacculifer
G. tumida/6c81def3394d40bfbc73d006f2927dfe.tif,G. tumida
G. truncatulinoides/358f12cd984a4b4aa2b419f416984867.tif,G. truncatulinoides
P. obliquiloculata/affab79d62004ac0bdd2b0c433d958c5.tif,P. obliquiloculata
G. scitula/4a77e3acd90c41ed87c064596d9660e7.tif,G. scitula
N. dutertrei/a4fcaf3003a04d87bf96bb44892626a1.tif,N. dutertrei
G. sacculifer/aed78ad5cded49ff9f60f94e27eff470.tif,G. sacculifer
G. crassaformis/fe55d61db41e41d9b8c62a7488310de5.tif,G. crassaformis
G. sacculifer/c6f31064be804597b6faf962c7f5bc7d.tif,G. sacculifer
G. truncatulinoides/00c03a2ce4564d07990b24e8b05aa5d8.tif,G. truncatulinoides
G. truncatulinoides/43a2bf4b535146119c02356d6b731044.tif,G. truncatulinoides
G. tumida/1d1e014aa9f34306bdfcb6d2239bab35.tif,G. tumida
G. truncatulinoides/cbb0b1e1f293470fba96a4d6c90e5ebf.tif,G. truncatulinoides
N. humerosa/5b1720ac955a4e27a0631663a45a8070.tif,N. humerosa
G. crassaformis/71c926a6dcb94426bf98dde17e900ae1.tif,G. crassaformis
G. sacculifer/d1ae388c635b4dcc95d4ffa49d9a0621.tif,G. sacculifer
N. dutertrei/30a83330cc264653ad308c27c2d65faa.tif,N. dutertrei
G. truncatulinoides/9f3b6d34fc084dcd9eb07e9282a21f29.tif,G. truncatulinoides
S. dehiscen/7ca25cd125f941ce9e03fcff281ed8ce.tif,S. dehiscen
P. obliquiloculata/ef5eba699df64821b3bac8bfb65c6c69.tif,P. obliquiloculata
N. humerosa/8517ca8f4b63401bb2f789056f83a0b1.tif,N. humerosa
N. dutertrei/3803e66b0e4e4026bf54e79ed4a3a64c.tif,N. dutertrei
G. sacculifer/d02e11297cb44bac9fd7b60f67f33f83.tif,G. sacculifer
P. obliquiloculata/c8e5c666f38c4e938aff4e460b9c20e0.tif,P. obliquiloculata
G. truncatulinoides/a6e8add33f1a4a2280a3b926d4d7dd0e.tif,G. truncatulinoides
N. humerosa/e91f05abcee34061b9dcf5014002c4b9.tif,N. humerosa
N. acostaensis/36addc91826d4a83ad0219ce2de72f5f.tif,N. acostaensis
G. sacculifer/a1bf56372ae64069b7da61bd645ba8eb.tif,G. sacculifer
N. humerosa/cfe6f730ac9e43b995dbda1db2d0aba1.tif,N. humerosa
G. ruber/5ab02fa5b2de4076842b893eb37ab058.tif,G. ruber
S. dehiscen/a641d303ff9b4a2a8aa817acf903b9a5.tif,S. dehiscen
G. crassaformis/abf846765ef14df8bd98d1cc367da811.tif,G. crassaformis
G. crassaformis/f9fac33871344b0e97b02a8e97554061.tif,G. crassaformis
G. scitula/c2ca5ec695484ceaa8f44143e595e819.tif,G. scitula
G. elongatus/183c9159b394487ba8202a25cb8afd48.tif,G. elongatus
G. ungulata/312538a1edb1491397be7c566e57ea0f.tif,G. ungulata
N. dutertrei/ea60e7a9f4e94a97bb41fc158d930297.tif,N. dutertrei
G. tumida/d6be3bade6de435bacb83439309317ca.tif,G. tumida
G. siphonifera/6c3275accebb4118b908f13ed79515fa.tif,G. siphonifera
N. dutertrei/73945fcd9c0640a2bf023864f30079e6.tif,N. dutertrei
O. universa/069a9169f79845a39ea61227dec53f2b.tif,O. universa
G. sacculifer/92ad76d0aec74510831f220b7e0f2fdd.tif,G. sacculifer
S. dehiscen/f2bbb6525d06440f9f6bda73a409002f.tif,S. dehiscen
G. tumida/d9bbfbfba6404692ad27536d06013e0c.tif,G. tumida
G. ungulata/55e0b8c20c3d4ff493e4aa2bfbf6062c.tif,G. ungulata
G. sacculifer/81d391b9ee194be7ad2401367c9efebb.tif,G. sacculifer
G. ungulata/ff8455dbec4e4ec19e67d9799f6c844c.tif,G. ungulata
G. sacculifer/3a2f24fbcc9145b08a170ec671157ec0.tif,G. sacculifer
G. truncatulinoides/7f12f783656c442aab28c37b9f4b5ba6.tif,G. truncatulinoides
N. acostaensis/5a2b15458b82461fa44ce7ede5134c36.tif,N. acostaensis
G. ruber/f150a35f43134154bb31c8beb9562cb5.tif,G. ruber
G. truncatulinoides/a7e83327de0a44ffb8d36a796339dc70.tif,G. truncatulinoides
G. hexagonus/6aafc1237abe46cb8da7b7c0b2faf9fe.tif,G. hexagonus
G. sacculifer/00f518bd4d0641f887a70b31c88aeec2.tif,G. sacculifer
G. siphonifera/4c166fc964284bafbd80db6c7cdef5b9.tif,G. siphonifera
G. siphonifera/b0cce5e2c40f4a49ae243f41d259e7b0.tif,G. siphonifera
G. truncatulinoides/c426051fac7649df8941f094189ea1ed.tif,G. truncatulinoides
N. dutertrei/7d8387d468964c27bd51e162eb5b8cff.tif,N. dutertrei
G. elongatus/fbffc69437314cf1990431fec26a1a2e.tif,G. elongatus
G. ruber/640e3b4a3edc42e1a1e428c768e286a8.tif,G. ruber
S. dehiscen/77b95d793df04ca99acef1fa2a7bb851.tif,S. dehiscen
G. sacculifer/2ceef6eb97854a9eacb5e0b5c50ec4b7.tif,G. sacculifer
S. dehiscen/6e8cfd72e77d49d18eec1fb0821d715d.tif,S. dehiscen
N. acostaensis/66c9082d6a924a038f26d2044d3ddb55.tif,N. acostaensis
G. elongatus/6eb8fec1b9824e90a06d2cf7d7f6e7ac.tif,G. elongatus
N. humerosa/2e00dc0935f24b77ab44cdc620df5526.tif,N. humerosa
G. ungulata/df5a16ef9de24420b340dd84e888bec5.tif,G. ungulata
P. obliquiloculata/5a6e23203dd345699b7b5ab2d5f73cb7.tif,P. obliquiloculata
N. acostaensis/566378506e55491b9426427c7154da1d.tif,N. acostaensis
G. truncatulinoides/9a6e8c24a7394a5ba1d3f1eef325728f.tif,G. truncatulinoides
G. siphonifera/d6fe4a608c0e44ddab61fd40d7a6b39d.tif,G. siphonifera
G. ruber/b0871a88d6b74ff39e5af7f72c9b4ffc.tif,G. ruber
G. ungulata/33c618ffb49a4a48b84014e49cf1aecb.tif,G. ungulata
N. humerosa/85159e8b66a64ba6ba3443a0dc255b67.tif,N. humerosa
G. ungulata/f60d7d3c76c5471e954540472997ffa9.tif,G. ungulata
N. humerosa/9bc9c23244ed40b4b4a6e81a24723ef5.tif,N. humerosa
G. ruber/21895b7fe5d54e229e5a5bd3116307c4.tif,G. ruber
G. siphonifera/f3c12a9c970d4cd2be4398ae49f6a019.tif,G. siphonifera
N. humerosa/4d9e2f564d1541c9b6c364c50dbc7612.tif,N. humerosa
G. sacculifer/f7b69408218147b5ac06303df040900c.tif,G. sacculifer
G. scitula/0c3330447e4e4854be1fe6da85e75c79.tif,G. scitula
G. siphonifera/9ada10a7148749cfb0ffc119233a1221.tif,G. siphonifera
N. acostaensis/f0bf5a191577451d8cd841c273d3d5a7.tif,N. acostaensis
G. sacculifer/41cd748436a84057bff067dd9d487b34.tif,G. sacculifer
N. humerosa/e63d8cc75133445aadb4cde75d0e9d74.tif,N. humerosa
G. ungulata/0a9c7b5470f44530a06d0d17e8b59195.tif,G. ungulata
G. ungulata/1367371730424bc0a4a0c73589c787f1.tif,G. ungulata
P. obliquiloculata/720d6fdb9e2b4ebf9990d1e74c080850.tif,P. obliquiloculata
G. hexagonus/85e08d9a75b24a308b8a1c8a19732907.tif,G. hexagonus
G. truncatulinoides/f0e1d76324274da5ab46b3b0d5bd8791.tif,G. truncatulinoides
G. siphonifera/c7f4323b127842209b4728efbb13ffdd.tif,G. siphonifera
N. dutertrei/cac302c3ffe74248ac0c69a8879f46ad.tif,N. dutertrei
O. universa/4aacf6e4ca78470bb707bce9558e216f.tif,O. universa
N. acostaensis/3c59dc6f7226476c9d0c671778caf60c.tif,N. acostaensis
G. tumida/2e2a72c6d12c42a8892d66217fe1511f.tif,G. tumida
G. ruber/bfb2d8c91732477b94b93424136ffd83.tif,G. ruber
G. tumida/a50f94596a6047b5a8775e4a48d29a10.tif,G. tumida
G. scitula/78cfc7f155244e8e807a8592bac3c938.tif,G. scitula
G. tumida/bab05abc1a9f4584b95023d426e40529.tif,G. tumida
G. sacculifer/8dc6639ed0e1413b848d4144771ca1d1.tif,G. sacculifer
G. crassaformis/21e94ce8ba99407985e24a167310af7e.tif,G. crassaformis
G. scitula/8f221c9c754f43cda8a1d57a0b03e346.tif,G. scitula
G. ruber/3328e8b607174be49a6a4c7071d39b17.tif,G. ruber
G. tumida/1b19d44bd44f4e46947a294c21fe24e8.tif,G. tumida
G. sacculifer/b66cbd1f40d64362ad1a0f79a0ee8834.tif,G. sacculifer
G. sacculifer/83a1b88aead44ef28d91b976b5a3122b.tif,G. sacculifer
N. acostaensis/596f866e09014ce1b8673d1b2ce58390.tif,N. acostaensis
G. tumida/16b26860effa4961b2f885f51e26f2a9.tif,G. tumida
G. sacculifer/2d819a1708284536a253a4ea4ebff519.tif,G. sacculifer
G. sacculifer/fff4829ae7504186b8f40eafb4b0c7f9.tif,G. sacculifer
G. ruber/0402d680b60a4d59abc474cd2f26a1d0.tif,G. ruber
P. obliquiloculata/4cdc4ff506f4478d8d277feba6f6dc25.tif,P. obliquiloculata
N. acostaensis/ba2827d0017b4b4586a8850fa0da38b5.tif,N. acostaensis
G. tumida/cb5e86e8f4fe422cbf4080097efab948.tif,G. tumida
G. elongatus/786ecc2a401941b1a67b0c76f34375e0.tif,G. elongatus
G. tumida/156efc817c8e4a07bfe83185cbf8d76e.tif,G. tumida
N. acostaensis/f3d9486a6fa94484b6269483263219c4.tif,N. acostaensis
G. scitula/10079b17e72a4198987af21e66198436.tif,G. scitula
G. tumida/77750722578548388832e71955014385.tif,G. tumida
G. scitula/52bc164c43a5494fb6bcb411ad4d6443.tif,G. scitula
G. sacculifer/d68e0c43046940db8c4ad3bb0dede07b.tif,G. sacculifer
G. scitula/33de235eec764882842087802c787bcb.tif,G. scitula
O. universa/575aab88eb6e4c15b441138c6b9cc5de.tif,O. universa
G. crassaformis/2cfe356d625e44cbb499066145c85fa0.tif,G. crassaformis
S. dehiscen/8beea2758c124f0a89e5bc049a9fcd78.tif,S. dehiscen
N. acostaensis/23f26a1c88f54ece935ab6622a2b0945.tif,N. acostaensis
G. truncatulinoides/2d50290789e54c409f7cbe186ea44b0b.tif,G. truncatulinoides
G. scitula/d5e4f6c65a2f470189cbf1bcae187484.tif,G. scitula
G. elongatus/fa056d1c0ae2445d8e654db41e7ba4e4.tif,G. elongatus
G. siphonifera/614e28887fd84a17a8ffecec332bf48f.tif,G. siphonifera
P. obliquiloculata/4f8ee1ed5c7e463f978429f86c55e02b.tif,P. obliquiloculata
G. tumida/ece939a78ea748889b498aa4cc6ac980.tif,G. tumida
G. tumida/ed4516b827494b43aecf2dee72100464.tif,G. tumida
G. tumida/ee44c9bb6fc04222be8467b274c12c0b.tif,G. tumida
G. tumida/836bbf72bf8d4f4e8236ff57aef951e3.tif,G. tumida
G. crassaformis/f7800debec4e4afca0cc9c017ebb013c.tif,G. crassaformis
G. siphonifera/b0cf94ff59e944598abcbc0a53a501c5.tif,G. siphonifera
G. siphonifera/f82a6242e3d8422e91f586a485e01e35.tif,G. siphonifera
N. dutertrei/b577a573c9704a9fa588083a60756d6d.tif,N. dutertrei
G. scitula/a3b5ad9b3cbc40cbb36ae7d4797162bd.tif,G. scitula
G. truncatulinoides/22bf52ad4d034fbd9c35e05a9c891b22.tif,G. truncatulinoides
N. acostaensis/3299849d3840499abf359a9226d09d8a.tif,N. acostaensis
G. ruber/93986289bd1349fcb4f6558033a000c5.tif,G. ruber
G. siphonifera/848c7dc2a3bc4419993404787f42443f.tif,G. siphonifera
G. siphonifera/c7982b0c8fc44c678d2573e00e4df1a6.tif,G. siphonifera
G. tumida/d0f74ae3a2a0445bb460f38e110f4af9.tif,G. tumida
N. dutertrei/81eeaaee50ab4f31a8a09d7b2d481e8d.tif,N. dutertrei
G. scitula/165f536bc3a343cc9ae2dd77bf659ef5.tif,G. scitula
N. acostaensis/c0ef86fe4eee46dab681339e7420d03d.tif,N. acostaensis
S. dehiscen/2e90317468f0483fbd9b14a57ea9b70c.tif,S. dehiscen
G. truncatulinoides/bf766966639c48f8846ac7a96f836b3c.tif,G. truncatulinoides
G. sacculifer/f646bd935efc4d20b61dda9005e189a8.tif,G. sacculifer
G. scitula/69c7c99a420d40ab942dbb48211761a1.tif,G. scitula
S. dehiscen/77053fafa3f64cb8b0dba595546abb7f.tif,S. dehiscen
N. humerosa/0d78fc0a71cd4b92a6c535bacfc070dd.tif,N. humerosa
P. obliquiloculata/8bd92f063efc47d1b5db51485ecaafea.tif,P. obliquiloculata
G. tumida/d50f922ca9ec46e9abc5c46c97f3119f.tif,G. tumida
G. truncatulinoides/e03084adcfc646a5a576b441d79eaf2e.tif,G. truncatulinoides
G. ruber/628a975fd9584ffc8e1274e8b6bc25b3.tif,G. ruber
G. truncatulinoides/babeed1af6014d278d7afe0c1ef1c4c7.tif,G. truncatulinoides
G. siphonifera/c39cd8b5b8994b72a31e4dc498f62290.tif,G. siphonifera
G. ruber/aca94ac9529a4ff6b55d2c45e41422df.tif,G. ruber
G. crassaformis/6919293bb8a94882aa7e203fa4757f2f.tif,G. crassaformis
G. ruber/af8095968c20406dbe748919744ff71e.tif,G. ruber
G. ungulata/3b264a234baa4f139dcaffa7c1816df0.tif,G. ungulata
G. truncatulinoides/805cdc6df54a423f9b9abb06a57a9864.tif,G. truncatulinoides
G. ruber/366d726a826940cb9bdd0c0d1bae4314.tif,G. ruber
N. humerosa/25a5c14e7e3b4b068c0d2c8d18d7ced7.tif,N. humerosa
G. ruber/ed1c1f6bfd1e426c8dca2c6474cf46ae.tif,G. ruber
G. tumida/a088c647787441088511470c3e9eae09.tif,G. tumida
G. tumida/e05e9dfd8d0541d7b16307c63b99bf0c.tif,G. tumida
G. ruber/608b5e1f447c4d86a51a8e75bb721c66.tif,G. ruber
G. tumida/fa820b5c7f3a49738f3094d8e8d4637a.tif,G. tumida
S. dehiscen/34ddf43daed44fd1949d99e9f7a0f2b8.tif,S. dehiscen
G. elongatus/21cc7996cd104628a76bb917bca9ff5e.tif,G. elongatus
G. tumida/45962be8e1c3427aaa2382d95e7dcb0d.tif,G. tumida
G. ruber/a4ebde7058be461a99fb2f630241d371.tif,G. ruber
N. humerosa/68e6c04df91b44b591e73dbd06969568.tif,N. humerosa
G. siphonifera/6ccc2ef84d7f4893b7d35a702d9896d4.tif,G. siphonifera
G. ungulata/035d8266fe724da0a4bbe45f8517923d.tif,G. ungulata
G. crassaformis/5d5ae36b619742f1b70a99f3991c6960.tif,G. crassaformis
G. siphonifera/ddba2324036f4c11a8f4dae86a1d20fb.tif,G. siphonifera
N. humerosa/6fa412c4323647ba9335278ce77e0973.tif,N. humerosa
G. ungulata/f2fa3528c4d1497fab2bad6fa2195d5e.tif,G. ungulata
N. humerosa/3c3f6186df6d4cb28c90547d153bb9dc.tif,N. humerosa
S. dehiscen/1e67548c74e843b7a95d5e3d55b973a3.tif,S. dehiscen
G. elongatus/03aceab03a2849ab81d8faedde1ef074.tif,G. elongatus
G. truncatulinoides/5118cfafb3d14988ab7299281e35720c.tif,G. truncatulinoides
G. ruber/7930ee0dbccb4e13b1c225d1a8e16ffc.tif,G. ruber
G. ruber/a37f0c28198747bb9537c58fbacf8e2e.tif,G. ruber
G. ruber/25db314beda44c32a4d5aaaf64268bd5.tif,G. ruber
G. crassaformis/845c7bf854754c3fbe52e1bc7060cc6b.tif,G. crassaformis
G. sacculifer/8d7e800571d14544860d4e8faf8d7f81.tif,G. sacculifer
G. siphonifera/96da2a8b3b834a3cab0ff932e841eb38.tif,G. siphonifera
G. siphonifera/e8a23d8030d046f39880c29871d30785.tif,G. siphonifera
G. sacculifer/9ab7f165c467485487ac680ea52946d0.tif,G. sacculifer
N. humerosa/8894337b694f4581a768c4f193532fcc.tif,N. humerosa
N. acostaensis/5cb85d6d460e45c7979194990e649f2e.tif,N. acostaensis
O. universa/4b9adc9a43324223959bea0364e69ca4.tif,O. universa
N. dutertrei/fe9a3832c4d642ec81b39d0aee910d7d.tif,N. dutertrei
G. tumida/7da422b948784f908270c53b24f02b2a.tif,G. tumida
G. scitula/fd42644b8bbf43da8e0d3d94560ebda5.tif,G. scitula
S. dehiscen/ed56f25bd34c4540a91f21df2e47c366.tif,S. dehiscen
S. dehiscen/4aa767f1ed314ac98eb97e2ebcc76661.tif,S. dehiscen
S. dehiscen/c33db788488e4677894b6a99e3c47636.tif,S. dehiscen
G. ruber/9f3fd1b870b94b85b88e08eb62797bbe.tif,G. ruber
G. ruber/59bb5695f0e7456d9d15211773df6c98.tif,G. ruber
G. sacculifer/4d3e2a6c8ead4adb8ee45d23a99cc84e.tif,G. sacculifer
G. siphonifera/e19ae3fd46714ac89d9b12260db1dc67.tif,G. siphonifera
G. siphonifera/596f828baa5747bea1e841f1029dfba2.tif,G. siphonifera
G. tumida/b0d8c1350f5946bba051923a50e66eff.tif,G. tumida
G. scitula/f3fc2df2e5784aad82c5de7d9ba14854.tif,G. scitula
G. siphonifera/e7c7f14a1e764e759c4f48c727b40415.tif,G. siphonifera
G. siphonifera/a2eb6ce7d27f48f3b9500c39a87e51d9.tif,G. siphonifera
G. ruber/35e52b4d7760450e8bb3f34ee889e475.tif,G. ruber
G. tumida/568555fbb7aa4db3978bbeee67fcf181.tif,G. tumida
S. dehiscen/2a91ca4a9ff04faa96fd6e46d5df0677.tif,S. dehiscen
G. tumida/62ebe56bdeec4c95a8d4c7315e42ff5f.tif,G. tumida
G. sacculifer/0494194e42854198a902912ef79770c2.tif,G. sacculifer
P. obliquiloculata/4c81eb3dc7344884b4329b72f457187b.tif,P. obliquiloculata
G. truncatulinoides/94c7e115439c44aa96d55c759ea8bc14.tif,G. truncatulinoides
S. dehiscen/1b24d04485db418f8fea1ba584ab61c8.tif,S. dehiscen
G. siphonifera/a2b749eaf36c4e17b15b29c0cc7de190.tif,G. siphonifera
P. obliquiloculata/a4194cda426348dca0b9abd452d44747.tif,P. obliquiloculata
N. dutertrei/bd2f31562d064f9281a7ddd6de4cbfb4.tif,N. dutertrei
G. tumida/76cd8b035da344f996d9b5355082b710.tif,G. tumida
G. scitula/9b0af28a437a4d2eb988ade085d465dd.tif,G. scitula
G. elongatus/65fc1b9e6dd2457d9ac335cbeac7567d.tif,G. elongatus
G. crassaformis/0a9250381e3c4b55a04f8fe551638e96.tif,G. crassaformis
G. truncatulinoides/7dadd68ef4ac4021992b2b42ec8dfc13.tif,G. truncatulinoides
G. tumida/06b0c57bcf874a8dac0c087e4425dbd5.tif,G. tumida
G. sacculifer/6554476cdc194a78b73db0a34fc85b62.tif,G. sacculifer
G. truncatulinoides/e1facad02d824908a7c61c153ba7eb1d.tif,G. truncatulinoides
G. truncatulinoides/f5145957dd484b9388dc6d8abf7502e5.tif,G. truncatulinoides
G. ungulata/14db796a600842a69250cbfa408a2f0c.tif,G. ungulata
G. scitula/fe2979adda90403eab0ed98d8f7e6fb4.tif,G. scitula
G. elongatus/48e07d2f3f40460fadb2e1665ccfebb3.tif,G. elongatus
G. sacculifer/e3f16404ec304407bf1da8c47edadf2f.tif,G. sacculifer
G. crassaformis/27010a752670446693f44b4833db5632.tif,G. crassaformis
P. obliquiloculata/92631cf25ab04fa8879ec01f3fae6f74.tif,P. obliquiloculata
G. sacculifer/dfa6dccd4ecf4a0abf9575d3d5c33e61.tif,G. sacculifer
G. tumida/d60d2b66e4984137885e48aa397f21f6.tif,G. tumida
G. siphonifera/df0c6ac2cd4540fea1e850e83c8c7c7b.tif,G. siphonifera
G. ruber/201c123fecb24703886a57d6aacc8168.tif,G. ruber
G. sacculifer/a85d58b52845456797bd9d0415a3c847.tif,G. sacculifer
G. ruber/8ac141e8fe8b4741a3a14e945a8227d9.tif,G. ruber
G. truncatulinoides/31008bb816864ba8954a39f249c959c9.tif,G. truncatulinoides
G. siphonifera/9ea27dcfb22846478e1969d34d703909.tif,G. siphonifera
G. ruber/863dfffdca9d4d50a96ad14f2198f39e.tif,G. ruber
G. scitula/76a4c0b2fe374ac2912fb35ef036cafb.tif,G. scitula
G. ruber/d071694565f243d2a95b969f5fbe6f9e.tif,G. ruber
N. acostaensis/ce34893fbfc846689d18cb92a4c348fe.tif,N. acostaensis
P. obliquiloculata/716ad54f93a749a2a01464e475172826.tif,P. obliquiloculata
G. sacculifer/4cba387bf8734f0eb1951c5bd5ec5a05.tif,G. sacculifer
N. humerosa/79bce5c280bd44a7a28396c8258638c5.tif,N. humerosa
G. scitula/6b783a37d70d4ea0b4af5bccc7452e7c.tif,G. scitula
G. scitula/e1dc4608c4334351b3e15d2eca2c3bf9.tif,G. scitula
G. tumida/e360c8adccc84d9eb61376b0c621e82a.tif,G. tumida
O. universa/8a491b97e7fd4776aad15a2affb4e404.tif,O. universa
G. truncatulinoides/83d094c307214badaadc48ee006a5661.tif,G. truncatulinoides
G. siphonifera/ac6fe74864774c42b645e7a16c141342.tif,G. siphonifera
N. acostaensis/132c2f322a4e485e856e27a9e55ed6c4.tif,N. acostaensis
G. ruber/770bd0260f23438bb290199f062af8bd.tif,G. ruber
G. ungulata/27c1606108d54741add57235857c2317.tif,G. ungulata
G. ruber/41ebc29050374adb9029cf0ee9a4d0de.tif,G. ruber
G. siphonifera/843f6054c6ee40bf9d6057ea6f4a6e61.tif,G. siphonifera
G. ungulata/397e1df30e6c493b8fef6faf75477e8f.tif,G. ungulata
N. acostaensis/8d37eb3061df47fcaa18f0964ed053d9.tif,N. acostaensis
G. crassaformis/57e1884c55a8482bac4f8c5f705bf315.tif,G. crassaformis
G. crassaformis/c9972059518444b8884423753cd78013.tif,G. crassaformis
N. dutertrei/76dbaa49df304520a69102eb697113a6.tif,N. dutertrei
N. acostaensis/379e30a658bc4fe3a2d57a3e67fb3a69.tif,N. acostaensis
G. sacculifer/e94a6fa0d5c4466e8a59b58dc506b69e.tif,G. sacculifer
S. dehiscen/2409d12856e6489a8840b63e9db0ddac.tif,S. dehiscen
G. tumida/c40c730e728341cab0053432dccb5ff3.tif,G. tumida
S. dehiscen/8a479cb7c07a4e5385296123231bc666.tif,S. dehiscen
G. sacculifer/9cfef2f42e394cfaa14fe3ac3e92e9b6.tif,G. sacculifer
G. crassaformis/edcb2754c978475d8ed47d2da59a8c61.tif,G. crassaformis
G. scitula/5dac0b4e0f5d4432aefe49f8853846a1.tif,G. scitula
G. truncatulinoides/982b465bbfa3453e829000b15b6cf93a.tif,G. truncatulinoides
N. humerosa/9484a207d4db4d57a4aa9e5c702cfc57.tif,N. humerosa
S. dehiscen/2707941f8bfc44b0baaf4494c776437c.tif,S. dehiscen
G. ruber/1241d4f115004a3683f6550fc041c53a.tif,G. ruber
G. crassaformis/8ad1ddd426884129a3f7539251609d3c.tif,G. crassaformis
G. sacculifer/cc36c99ae1bc44568a53af1ffaac8636.tif,G. sacculifer
G. siphonifera/f63fdfe4a6334d6e9b7e11af588807a6.tif,G. siphonifera
G. ruber/f4992fd8a90c459588b6c955133edb69.tif,G. ruber
G. siphonifera/ce6127a60c21467790eee2d35c537c08.tif,G. siphonifera
G. sacculifer/26d46d22c0414694b4bd8f20146b1cf6.tif,G. sacculifer
P. obliquiloculata/1483388b82ce49df8e8d93d299a78336.tif,P. obliquiloculata
G. sacculifer/d942df222c484c299e03b27642614465.tif,G. sacculifer
G. ruber/8dfd638ff7bd4983a3ca8a2f691021f5.tif,G. ruber
S. dehiscen/1d36096360a44311bf71b66322c6aecc.tif,S. dehiscen
G. tumida/57409eb8ce1349a0a48b482db223d6a7.tif,G. tumida
G. elongatus/e5baa1cedbaf4b60b085be43245d436d.tif,G. elongatus
G. tumida/231bc383a14d43c08f7b322955cf2113.tif,G. tumida
G. truncatulinoides/9369941bc2bb4b71be9344dba2ebe489.tif,G. truncatulinoides
G. scitula/ee67bf1b06174d50b8a32325d2af313f.tif,G. scitula
G. truncatulinoides/256c5490fd204bc3bcbb9b03a44e5a2c.tif,G. truncatulinoides
G. tumida/4a5f5a59d18d45b4b8b271625a5770a0.tif,G. tumida
G. elongatus/e8ffd8fe934f4900a77e7c57e85469e6.tif,G. elongatus
G. sacculifer/3032644a5def4ec2b638a767b9f768a0.tif,G. sacculifer
G. scitula/1e3dc1504ec849dc96551b4252987d24.tif,G. scitula
G. scitula/9443e43d0cd94241a85cbd1feb6e68d6.tif,G. scitula
G. siphonifera/c6cd441558144c35ad811cd5f5c6a72f.tif,G. siphonifera
P. obliquiloculata/a8481897c8bd40b3ba79dc17ca451a75.tif,P. obliquiloculata
G. ruber/3c8d0b46b5f34f14b3c7a988c2e5e606.tif,G. ruber
G. sacculifer/38fa007eeb1f424a8224771dd4f57b95.tif,G. sacculifer
O. universa/63e9135512e54a26a8a4bed5e00205c8.tif,O. universa
G. sacculifer/243dbe9e722948068b3fd6705d189649.tif,G. sacculifer
N. acostaensis/60b85eefacbc4c1b8f4cffbbdd71419f.tif,N. acostaensis
G. ruber/f946cf0142284243835082b231da527b.tif,G. ruber
G. ruber/c505ff87a77c4de296c89edd4a2ef61f.tif,G. ruber
P. obliquiloculata/21cf24931d9544849c24dda32d31ca28.tif,P. obliquiloculata
G. sacculifer/9238b98880264c6c99ea41fa2f6583bd.tif,G. sacculifer
G. hexagonus/3b74a5ac169d4ec28f8143d1e5a0c43d.tif,G. hexagonus
G. truncatulinoides/f954e4a9eca14d0b93604e5893d527a7.tif,G. truncatulinoides
G. tumida/57997ef5dced4352a146ef6231713185.tif,G. tumida
G. sacculifer/0ff0a20c673246b6ac1f65e5c73b50ae.tif,G. sacculifer
G. truncatulinoides/f9f7974b316a45c8b25a0ad29e33cf79.tif,G. truncatulinoides
G. scitula/0dffcd5e3e934ceb919604f6942fb4cb.tif,G. scitula
G. tumida/a83a2e736ffe43b29c18fdd74d9056a1.tif,G. tumida
G. truncatulinoides/775bf0b8b3e54c0c83a8adc5c133d75d.tif,G. truncatulinoides
G. elongatus/1cdbdbc8dac94bf6a2bcdf6dfb9470d7.tif,G. elongatus
N. dutertrei/5ce75af6e1734c84b30901c5238aaabf.tif,N. dutertrei
G. sacculifer/0558d50d235845fa98074b7c18c4c29e.tif,G. sacculifer
G. ruber/de622d2ee57a4a679083ad183badcbc7.tif,G. ruber
G. ruber/f974a7ecc0b94bc7a0a7cc1b966d7c50.tif,G. ruber
G. tumida/3710e40912b5453398be7493709c01d3.tif,G. tumida
O. universa/274094228b654c07a000f933cfb10544.tif,O. universa
G. ungulata/a23aea25708b453fbc8cd7a498cc73aa.tif,G. ungulata
G. truncatulinoides/2505cec1966940278c5e3d5e9c0af80e.tif,G. truncatulinoides
G. truncatulinoides/8ade1ccbd8544ea5afe54492fb0d4c3d.tif,G. truncatulinoides
S. dehiscen/1cdb91ddce494f298a371d845ae20f2c.tif,S. dehiscen
N. acostaensis/1d3f7878d6484ff3b006974e43e4865b.tif,N. acostaensis
N. humerosa/284738776c1448118cb6edf3dde8f439.tif,N. humerosa
G. elongatus/8eeeac171d784d93a87a8126a44923e0.tif,G. elongatus
N. humerosa/73debc1aa2f04a11be080e2a43b0e2f5.tif,N. humerosa
G. truncatulinoides/4f67c8bc4cf643e1ae4d5ad472388831.tif,G. truncatulinoides
G. truncatulinoides/94c6c276080d46b69d0749af001a8c24.tif,G. truncatulinoides
N. acostaensis/03ac003ed9b642908e8ba3a19087c070.tif,N. acostaensis
G. siphonifera/a1834085278e4fb68c48f3a8e1fc438a.tif,G. siphonifera
G. tumida/d36eb8910b8d4256ac54fdd2c6a32534.tif,G. tumida
G. ruber pink/516527a9b55440be840fab23bd766c60.tif,G. ruber pink
G. ruber/6af619a25f6d4459bda45ef95d3be0d4.tif,G. ruber
G. elongatus/937e1efb0eae48b29d63c728080ff4a9.tif,G. elongatus
G. elongatus/b8bc02377a404b829a11fee46d448172.tif,G. elongatus
G. ungulata/d2eb77e78fa949a69a1b2435b73f26a0.tif,G. ungulata
G. sacculifer/4fb210456d5341c896fd7fe648b0fd79.tif,G. sacculifer
G. truncatulinoides/d3693a6d08ca4548b66c9681c2541cd5.tif,G. truncatulinoides
P. obliquiloculata/7a16f4a8d1e541208f6e676749ae743f.tif,P. obliquiloculata
G. crassaformis/b7f964fd583449b1b8591416e1e1a5f1.tif,G. crassaformis
G. ruber/85f5150a18494441b7f51b1ed78787bf.tif,G. ruber
G. sacculifer/1a32a57dfe424b51b4fbdf4de6c93de3.tif,G. sacculifer
G. sacculifer/0e14a99f1f7a4a41a240ec2ba20b7030.tif,G. sacculifer
G. sacculifer/35e23757de71486881ec958377954a09.tif,G. sacculifer
G. ruber/36870fa3fba14c5e8d6830b6d84f5d7f.tif,G. ruber
P. obliquiloculata/d68f54a8a24143f7a0434e7b7ca32f3f.tif,P. obliquiloculata
G. ruber/06f0d4b316894334ad5a1756efa8c75c.tif,G. ruber
S. dehiscen/4f404f71be5446a3b346a8b935ac6694.tif,S. dehiscen
G. truncatulinoides/427fedb743364ba0a956eae06fac6c84.tif,G. truncatulinoides
G. truncatulinoides/a8218e0b9f094acb9b4d8b1d0a620fe2.tif,G. truncatulinoides
G. tumida/2638139959be47d980a2d843b4c9f9e8.tif,G. tumida
G. sacculifer/2f6e93f78ab2493a953aa15761dd6436.tif,G. sacculifer
N. dutertrei/c18163c7bbf04cba840002a4a82e4b66.tif,N. dutertrei
N. humerosa/da9861beb03c4d8488c0b8b6361b602f.tif,N. humerosa
S. dehiscen/17db313c8b834e37bc5a47ef61db7ba1.tif,S. dehiscen
N. acostaensis/b8246d7c578e4720a7475efdaf19493d.tif,N. acostaensis
G. crassaformis/2cade83ca2314dca87060a8b9043f61d.tif,G. crassaformis
G. scitula/5bd5ad958df94bd19e1f3253044ab803.tif,G. scitula
P. obliquiloculata/e106cc8d144343cba81771fa2b250da6.tif,P. obliquiloculata
N. acostaensis/98b5da656b9b4ffdaf5c17dc2bb4deac.tif,N. acostaensis
G. scitula/dc205617d59a418abc65489292caddec.tif,G. scitula
G. ruber/c72177903f584a169ac7d8b78e64448a.tif,G. ruber
G. siphonifera/fdf39bbf3d764fca9f4124acdd88fa47.tif,G. siphonifera
G. ungulata/de4b20f863a34bf89d42bd8fec506477.tif,G. ungulata
N. humerosa/31244811a7e2467d94d61439cbce06d5.tif,N. humerosa
S. dehiscen/43cf5ba688604511a8cc0005d28e27a8.tif,S. dehiscen
S. dehiscen/31732af9ff45442abc321937a4a8e684.tif,S. dehiscen
G. sacculifer/9f21f019c4c94d3684f6a83fee48e16c.tif,G. sacculifer
G. tumida/f3c3bc9cd74d4ddbb4bbfcf4ab842e12.tif,G. tumida
G. sacculifer/f95ff0f8d4dc40c898f9c4d783b86264.tif,G. sacculifer
N. acostaensis/72c8d06ed8464be68c51785c20e782af.tif,N. acostaensis
N. acostaensis/3618c04b2c48485788bfe3d85fd90eb0.tif,N. acostaensis
G. tumida/cbc9cd3bdaf344ae80533b4f04718b4f.tif,G. tumida
G. ruber/450b7e6397554840b7eec5ad9e61ec16.tif,G. ruber
G. sacculifer/c84dc02437da417994187fcc424a1f80.tif,G. sacculifer
